Client,Date,SSL,Part,Serialnum,Bad/Good,Qty,Time,Carrier,Pro,Ref#,In/Out,Cat,Expanded Serial,CSR Login,POD Login,Adj Memo,Partner,Inbound Carrier,Inbound AWB #,Del Name,Del Address,Del Add2,Del City,Del State,Del Zip,Del Person,REF2,Item Ref,PU Name,PU Address,PU Add2,PU City,PU State,PU Zip
INFINERA,1/1/2023,NJ,TOM-100G-SR10,UR80PFS,N,1,6:20,UNA,ZAA5EMMR,590091983,I,IRI,,EDI,,,INF52294,UNA,1Z6V544A1392817199,CHOICE NJ LOGISTICS,131 SEAVIEW DRIVE,,SECAUCUS,NJ,7094,JOE PODOLSKI,STO,10,DALLAS INFINERA SPARES SSL,1215 W CROSBY RD SUITE#,,CARROLLTON,TX,75006
INFINERA,1/1/2023,NJ,ZXS-SPOSC1IR-00,WX2108066441,N,1,6:28,UNA,ZAA5EMKE,590091904,I,IRP,,EDI,,,INF52294,UNA,1Z1Y366E0144519228,SECAUCUS INFINERA SPARES SSL,131 SEAVIEW DRIVE,,SECAUCUS,NJ,7094,,STO,10,San Jose Service,6373 San Ignacio Avenue,,SAN JOSE,CA,95119
INFINDAT,1/1/2023,NJ,DIM-00040-A-CS,C39182,N,1,6:31,UND,ZAA5EJ3C,CS-127550,I,IRP,4055B52E,EDI,htovar,,ISR52307,UND,1Z9FW8600397030891,SECAUCUS ICL INFINIDAT SSL,131 SEAVIEW DRIVE,,SECAUCUS,NJ,7094,,141030,519328,Sterling,22271 Broderick Dr.,,Sterling,VA,20166
INFINDAT,1/1/2023,NJ,DIM-00041-CS,C31441,N,-1,7:23,F1,ZAA5EPHW,CS-127804,O,OCPU,03B1BCFF,EDI,remnj,,ISR52307,,,Thryv,1506 Moran Rd,QTS care of Thryv,Sterling,VA,20166,Dl-Uss Storage,141444,520727,SECAUCUS ICL INFINIDAT SSL,131 SEAVIEW DRIVE,,SECAUCUS,NJ,7094
INFINDAT,1/1/2023,NJ,DSK-00049-CS,C39177,N,-1,7:23,F1,ZAA5EPHW,CS-127804,O,OCPU,WFKC9LTJ,EDI,remnj,,ISR52307,,,Thryv,1506 Moran Rd,QTS care of Thryv,Sterling,VA,20166,Dl-Uss Storage,141444,520728,SECAUCUS ICL INFINIDAT SSL,131 SEAVIEW DRIVE,,SECAUCUS,NJ,7094
INFINDAT,1/1/2023,NJ,DSK-00098-CS,C36525,N,-1,7:23,F1,ZAA5EPHW,CS-127804,O,OCPU,5QHP903B,EDI,remnj,,ISR52307,,,Thryv,1506 Moran Rd,QTS care of Thryv,Sterling,VA,20166,Dl-Uss Storage,141444,520726,SECAUCUS ICL INFINIDAT SSL,131 SEAVIEW DRIVE,,SECAUCUS,NJ,7094
INFINDAT,1/1/2023,NJ,DSK-00098-CS,C36528,N,-1,7:23,F1,ZAA5EPHW,CS-127804,O,OCPU,5QHND2VB,EDI,remnj,,ISR52307,,,Thryv,1506 Moran Rd,QTS care of Thryv,Sterling,VA,20166,Dl-Uss Storage,141444,520726,SECAUCUS ICL INFINIDAT SSL,131 SEAVIEW DRIVE,,SECAUCUS,NJ,7094
INFINDAT,1/1/2023,NJ,HWR-00092-CS,C38837,N,-1,7:30,F1,ZAA5EPPK,CS-127800,O,OCPU,59123,EDI,remnj,,ISR52307,,,Huntington Ingalls Industries Communications,230 41st Street,"Building 521, 1st Floor",Newport News,VA,23607,Tom Dixon,141451,520749,SECAUCUS ICL INFINIDAT SSL,131 SEAVIEW DRIVE,,SECAUCUS,NJ,7094
INFINDAT,1/1/2023,NJ,HWR-00092-CS,C38838,N,-1,7:30,F1,ZAA5EPPK,CS-127800,O,OCPU,59124,EDI,remnj,,ISR52307,,,Huntington Ingalls Industries Communications,230 41st Street,"Building 521, 1st Floor",Newport News,VA,23607,Tom Dixon,141451,520749,SECAUCUS ICL INFINIDAT SSL,131 SEAVIEW DRIVE,,SECAUCUS,NJ,7094
INFINDAT,1/1/2023,NJ,HWR-00092-CS,C39138,N,-1,7:30,F1,ZAA5EPPK,CS-127800,O,OCPU,59312,EDI,remnj,,ISR52307,,,Huntington Ingalls Industries Communications,230 41st Street,"Building 521, 1st Floor",Newport News,VA,23607,Tom Dixon,141451,520749,SECAUCUS ICL INFINIDAT SSL,131 SEAVIEW DRIVE,,SECAUCUS,NJ,7094
PPT USA,1/1/2023,NJ,660091-001,,N,-1,7:15,FE,ZAA5EPGW,195859042,O,OCPU,,EDI,remnj,,PAR52372,,,Technologent Inc,900 Sylvan Ave,,Englewood Cliffs,NJ,07632-3312,IT Department,246c0d4c-12e,124801719,NEW JERSEY PPT USA SSL,131 SEAVIEW DRIVE,,SECAUCUS,NJ,7094
PPT USA,1/1/2023,NJ,868926-001,,N,-1,14:14,,G6760818,SV1050025,O,PICK,,nengel,Richard,,PAR52372,,,MILLENNIUM PARTNERS c/o Bhavesh Patel,800 Cottontail Ln,,SOMERSET,NJ,8873,Bhavesh Patel,,SV1050025,NEW JERSEY PPT USA SSL,131 SEAVIEW DRIVE,,SECAUCUS,NJ,7094
PPT USA,1/1/2023,NJ,878643-001,,N,-1,20:50,,G6760839,SV1050090,O,PICK,,rverdi,vendorserv,,PAR52372,,,Millenium Partners c/o Enterprise Team,800 Cottontail Ln,,SOMERSET,NJ,8873,Enterprise Team,,SV1050090,NEW JERSEY PPT USA SSL,131 SEAVIEW DRIVE,,SECAUCUS,NJ,7094
PPT USA,1/1/2023,NJ,UCS-MR-1X322RV-A,,N,-1,7:10,F1,ZAA5EPGU,SV1049796,O,OCPU,,logparkpl,remnj,,PAR52372,,,Franchise World Headquarters LLC,108 Rye Road,,CHERRY HILL,NJ,8003,Divya Tripathi,,SV1049796,NEW JERSEY PPT USA SSL,131 SEAVIEW DRIVE,,SECAUCUS,NJ,7094
AMERICAS,1/10/2023,NJ,CCS-720XP-96ZC2-4F,JPE22250316,N,1,10:12,F1,ZAA5EZ18,X-NJ-01.09.2,I,IRI,,logaristca,,,ARI52273,F1,393215040111,US PACK,131 SEAVIEW DRIVE,,SECAUCUS,NJ,7094,,,X-NJ-01.09.23,HAYWARD ARISTA SSL,1600 PACIFIC STREET,,UNION CITY,CA,94587
AMERICAS,1/10/2023,NJ,DCS-7130-48E#,M48E-A4-08175-7,N,-1,15:47,F1,ZAA5F1GV,RMA-361090,O,NBD,,logarista,remnj,,ARI52273,,,"Tower Pros, LLC c/o Jump Systems, LLC",440 Meadow Lane,,CARLSTADT,NJ,7072,Andrew Brigida,,RMA-361090,NEW JERSEY ARISTA SSL,131 SEAVIEW DRIVE,,SECAUCUS,NJ,7094
AVT,1/10/2023,NJ,KIT6000022,C21146,N,-1,17:16,,G6762812,51739/273636,O,PICK,P206BCL48RB0700,logtechdat,vendorserv,,AVT52434,,,Priceline.com,"800 Connecticut Avenue, Norwalk",,NORWALK,CT,6854,Noc Priceline.c,,51739/273636,NEW JERSEY AVT SSL,131 SEAVIEW DRIVE,,SECAUCUS,NJ,7094
BERKGREY,1/10/2023,NJ,111490,,N,-5,13:35,UPG,ZAA5F0T8,FOR OTTAWA,O,OCPU,,logbrkgrey,remnj,,BER52431,,,Berkshire Grey,140 South road,,Bedford,MA,1730,Berkshire Grey,TRFO-000374,,NEW JERSEY BERKSHIRE GREY SSL,131 SEAVIEW DRIVE,,SECAUCUS,NJ,7094
BERKGREY,1/10/2023,NJ,113133,,N,1,6:05,UPG,ZAA5EXJQ,TRFO-000372,I,IRP,,ppibkg,ppibkg,,BER52431,UPG,1Z28F1R30392916459,NEW JERSEY BERKSHIRE GREY SSL,131 SEAVIEW DRIVE,,SECAUCUS,NJ,7094,,,,PRE-ALERT,,,,,
BERKGREY,1/10/2023,NJ,114242,,N,1,6:02,UPG,ZAA5EXJQ,TRFO-000372,I,IRP,,ppibkg,ppibkg,,BER52431,UPG,1Z28F1R30392916459,NEW JERSEY BERKSHIRE GREY SSL,131 SEAVIEW DRIVE,,SECAUCUS,NJ,7094,,,,PRE-ALERT,,,,,
BERKGREY,1/10/2023,NJ,114844,,N,1,6:03,UPG,ZAA5EXJQ,TRFO-000372,I,IRP,,ppibkg,ppibkg,,BER52431,UPG,1Z28F1R30392916459,NEW JERSEY BERKSHIRE GREY SSL,131 SEAVIEW DRIVE,,SECAUCUS,NJ,7094,,,,PRE-ALERT,,,,,
ELP,1/10/2023,NJ,1020302,,N,1,10:16,FFX,ZAA5EVAV,8043305,I,IRI,,ediimp,,,ELE52240,FFX,393070101972,NEW JERSEY ELEKTA SSL,131 SEAVIEW DRIVE,,SECAUCUS,NJ,7094,,,02610171-10,SAN FRANCISCO ADTRAN SSL,1600 PACIFIC STREET,,UNION CITY,CA,94587
ELP,1/10/2023,NJ,1553878,,N,1,10:10,FFX,ZAA5EWUJ,8044403,I,IRI,,ediimp,,,ELE52240,FFX,393119834864,NEW JERSEY ELEKTA SSL,131 SEAVIEW DRIVE,,SECAUCUS,NJ,7094,,,02610440-20,MEMPHIS ELEKTA SSL,3106 Connabrook Dr,,MEMPHIS,TN,38116
INFINDAT,1/10/2023,NJ,DSK-00051-CS,C38886,N,-1,13:21,F1,ZAA5EZWG,CS-128402,O,OCPU,V6HUHTXR,EDI,remnj,,ISR52307,,,"Honda Manufacturing of Alabama, LLC",700 Clover Road,,Lincoln,AL,35096,Michael Freeman,142554,523898,SECAUCUS ICL INFINIDAT SSL,131 SEAVIEW DRIVE,,SECAUCUS,NJ,7094
INFINDAT,1/10/2023,NJ,DSK-00061-CS,C37114,N,1,14:34,UND,ZAA5EWQV,CS-128119,I,IRP,WS246BG6,EDI,rcalabrese,,ISR52307,UPG,1Z6V544A9091882216,SECAUCUS ICL INFINIDAT SSL,131 SEAVIEW DRIVE,,SECAUCUS,NJ,7094,,142061,522756,Henrietta,175 Research Blvd,,Rochester,NY,14623
INFINDAT,1/10/2023,NJ,HWR-00092-CS,C39121,N,-1,13:21,F1,ZAA5EZWG,CS-128402,O,OCPU,59316,EDI,remnj,,ISR52307,,,"Honda Manufacturing of Alabama, LLC",700 Clover Road,,Lincoln,AL,35096,Michael Freeman,142554,523899,SECAUCUS ICL INFINIDAT SSL,131 SEAVIEW DRIVE,,SECAUCUS,NJ,7094
INFINDAT,1/10/2023,NJ,HWR-00092-CS,C39128,N,-1,13:21,F1,ZAA5EZWG,CS-128402,O,OCPU,59297,EDI,remnj,,ISR52307,,,"Honda Manufacturing of Alabama, LLC",700 Clover Road,,Lincoln,AL,35096,Michael Freeman,142554,523899,SECAUCUS ICL INFINIDAT SSL,131 SEAVIEW DRIVE,,SECAUCUS,NJ,7094
INFINDAT,1/10/2023,NJ,HWR-00092-CS,C39129,N,-1,13:21,F1,ZAA5EZWG,CS-128402,O,OCPU,59298,EDI,remnj,,ISR52307,,,"Honda Manufacturing of Alabama, LLC",700 Clover Road,,Lincoln,AL,35096,Michael Freeman,142554,523899,SECAUCUS ICL INFINIDAT SSL,131 SEAVIEW DRIVE,,SECAUCUS,NJ,7094
INFINDAT,1/10/2023,NJ,HWR-00092-CS,C39130,N,-1,11:58,F1,ZAA5EZWE,CS-128400,O,OCPU,59305,EDI,,,ISR52307,,,"Honda Manufacturing of Alabama, LLC",700 Clover Road,"C/O Security Command -ATTN IT Dept, Michael Freeman",Lincoln,AL,35096,Michael Freeman,142552,523894,SECAUCUS ICL INFINIDAT SSL,131 SEAVIEW DRIVE,,SECAUCUS,NJ,7094
INFINDAT,1/10/2023,NJ,HWR-00092-CS,C39130,N,1,11:58,,ZAA5F12Y,CS-128400,I,IRI,59305,agautam,,,ISR52307,,,SECAUCUS ICL INFINIDAT SSL,131 SEAVIEW DRIVE,,SECAUCUS,NJ,7094,,,,SECAUCUS ICL INFINIDAT SSL,131 SEAVIEW DRIVE,,SECAUCUS,NJ,7094
INFINDAT,1/10/2023,NJ,HWR-00092-CS,C39131,N,-1,11:58,F1,ZAA5EZWE,CS-128400,O,OCPU,59302,EDI,,,ISR52307,,,"Honda Manufacturing of Alabama, LLC",700 Clover Road,"C/O Security Command -ATTN IT Dept, Michael Freeman",Lincoln,AL,35096,Michael Freeman,142552,523894,SECAUCUS ICL INFINIDAT SSL,131 SEAVIEW DRIVE,,SECAUCUS,NJ,7094
INFINDAT,1/10/2023,NJ,HWR-00092-CS,C39131,N,1,11:58,,ZAA5F12Y,CS-128400,I,IRI,59302,agautam,,,ISR52307,,,SECAUCUS ICL INFINIDAT SSL,131 SEAVIEW DRIVE,,SECAUCUS,NJ,7094,,,,SECAUCUS ICL INFINIDAT SSL,131 SEAVIEW DRIVE,,SECAUCUS,NJ,7094
INFINDAT,1/10/2023,NJ,HWR-00092-CS,C39132,N,-1,11:58,F1,ZAA5EZWE,CS-128400,O,OCPU,59303,EDI,,,ISR52307,,,"Honda Manufacturing of Alabama, LLC",700 Clover Road,"C/O Security Command -ATTN IT Dept, Michael Freeman",Lincoln,AL,35096,Michael Freeman,142552,523894,SECAUCUS ICL INFINIDAT SSL,131 SEAVIEW DRIVE,,SECAUCUS,NJ,7094
INFINDAT,1/10/2023,NJ,HWR-00092-CS,C39132,N,1,11:58,,ZAA5F12Y,CS-128400,I,IRI,59303,agautam,,,ISR52307,,,SECAUCUS ICL INFINIDAT SSL,131 SEAVIEW DRIVE,,SECAUCUS,NJ,7094,,,,SECAUCUS ICL INFINIDAT SSL,131 SEAVIEW DRIVE,,SECAUCUS,NJ,7094
INFINDAT,1/10/2023,NJ,KIT-00162-CS,,N,-1,16:53,F1,ZAA5F18K,CS-125401,O,OCPU,,EDI,,,ISR52307,,,GPD Group,"520 S Main St, Suite 2531",,Akron,OH,44311,Mike Hiland,142665,524407,SECAUCUS ICL INFINIDAT SSL,131 SEAVIEW DRIVE,,SECAUCUS,NJ,7094
INFINDAT,1/10/2023,NJ,KIT-00167-CS,,N,-1,16:53,F1,ZAA5F18K,CS-125401,O,OCPU,,EDI,,,ISR52307,,,GPD Group,"520 S Main St, Suite 2531",,Akron,OH,44311,Mike Hiland,142665,524408,SECAUCUS ICL INFINIDAT SSL,131 SEAVIEW DRIVE,,SECAUCUS,NJ,7094
INFINDAT,1/10/2023,NJ,KIT-00214-CS,,N,-2,16:53,F1,ZAA5F18K,CS-125401,O,OCPU,,EDI,,,ISR52307,,,GPD Group,"520 S Main St, Suite 2531",,Akron,OH,44311,Mike Hiland,142665,524406,SECAUCUS ICL INFINIDAT SSL,131 SEAVIEW DRIVE,,SECAUCUS,NJ,7094
IMPLANT,1/10/2023,NJ,10011461,,N,-1,11:41,,G6762715,SAXZ01587,O,PICK,,logl3co,vendorserv,,L3C52239,,,Anthony Bell,1124 14th st,,FORT LEE,NJ,7024,Anthony Bell,11255965,1,NEW JERSEY IMPLANT SSL,131 SEAVIEW DRIVE,,SECAUCUS,NJ,7094
MAC-H,1/10/2023,NJ,MHA 00025547,,N,-1,15:40,F1,ZAA5F1HF,SAXZ015118,O,OCPU,,logl3co,remnj,,L3C52239,,,ROB WALL,7 Oakengates Dr,,TOMS RIVER,NJ,8757,ROB WALL,11171739,11171739,NEW JERSEY MAC-H SSL,131 SEAVIEW DRIVE,,SECAUCUS,NJ,7094
PPT USA,1/10/2023,NJ,00YK016,,N,-1,12:59,FGD,ZAA5F0T9,IT2301080549,O,XFRG,,logparkpl,remnj,,PAR52372,,,BOLTON LOGISTICS,1890 HIGHWAY 1 NE,,SOLON,IA,52333,,,IT2301080549,NEW JERSEY PPT USA SSL,131 SEAVIEW DRIVE,,SECAUCUS,NJ,7094
PPT USA,1/10/2023,NJ,3-02742-13,,N,-1,20:03,,G6762853,SV1048648,O,PICK,,logparkpl,vendorserv,,PAR52372,,,Louisiana Workers Compensation Corp,2237 S Acadian Thruway,,BATON ROUGE,LA,70808,Ethan Bartel,,SV1048648,NEW JERSEY PPT USA SSL,131 SEAVIEW DRIVE,,SECAUCUS,NJ,7094
PPT USA,1/10/2023,NJ,490092-001,,N,-1,16:35,,G6762585,1038961874,O,WC,,EDI,vendorserv,,PAR52372,,,NEW JERSEY PPT USA SSL,131 SEAVIEW DRIVE,,SECAUCUS,NJ,7094,PPT Tech,b0e2d59e-418,125606272,NEW JERSEY PPT USA SSL,131 SEAVIEW DRIVE,,SECAUCUS,NJ,7094
PPT USA,1/10/2023,NJ,49Y4242,,N,-1,13:47,F1,ZAA5F0ZL,2128820672,O,OCPU,,EDI,remnj,,PAR52372,,,Lydall Inc,2029 Valley View Drive,,Quakertown,PA,18951,Nick Barbarito,f4d3c28f-878,125662186,NEW JERSEY PPT USA SSL,131 SEAVIEW DRIVE,,SECAUCUS,NJ,7094
PPT USA,1/10/2023,NJ,507284-001,,N,-1,10:19,,G6762671,887098997,O,PICK,,EDI,vendorserv,,PAR52372,,,Castleton Commodities International LLC,Castleton Commodities International LLC,"2200 Atlantic Street, Suite 800",Stamford,CT,06902-6834,Rajesh Gorantla,e9b4cf84-239,125610602,NEW JERSEY PPT USA SSL,131 SEAVIEW DRIVE,,SECAUCUS,NJ,7094
PPT USA,1/10/2023,NJ,640852-001,,N,-2,13:05,FGD,ZAA5F0SR,IT2301080545,O,XFRG,,logparkpl,remnj,,PAR52372,,,PREMIER EXPRESS,30A POST ROAD,,ALBANY,NY,12205,,,IT2301080545,NEW JERSEY PPT USA SSL,131 SEAVIEW DRIVE,,SECAUCUS,NJ,7094
PPT USA,1/10/2023,NJ,718292-001,,N,-1,9:08,,G6762656,1674859731,O,PICK,,EDI,vendorserv,,PAR52372,,,CDW Logistics Inc,55 Challenger Rd,,Ridgefield Park,NJ,7660,Oscar Nieves,0e6908cd-231,125643473,NEW JERSEY PPT USA SSL,131 SEAVIEW DRIVE,,SECAUCUS,NJ,7094
PPT USA,1/10/2023,NJ,732136-001,,N,-1,15:19,,G6762793,449216350,O,PICK,,EDI,vendorserv,,PAR52372,,,Tudor Investment Corporation,275 Hartz Way,,Secaucus,NJ,7094,Tudor Investmen,adc5fd87-a25,125714857,NEW JERSEY PPT USA SSL,131 SEAVIEW DRIVE,,SECAUCUS,NJ,7094
PPT USA,1/10/2023,NJ,785409-001,,N,-1,12:52,F1,ZAA5EZSZ,SV1054390,O,OCPU,,logparkpl,remnj,,PAR52372,,,SS&C Technologies Inc,1 South Rd,,HARRISON,NY,10528,Juan Ochoa,,SV1054390,NEW JERSEY PPT USA SSL,131 SEAVIEW DRIVE,,SECAUCUS,NJ,7094
PPT USA,1/10/2023,NJ,868846-001,,N,-2,16:23,FE,ZAA5F1G7,852009860,O,OCPU,,EDI,remnj,,PAR52372,,,Warner Bros Discovery,30 Hudson Yards Rm 38B18,,New York,NY,10001-2170,Brian De Balzo,b10ad6a1-49f,125703353,NEW JERSEY PPT USA SSL,131 SEAVIEW DRIVE,,SECAUCUS,NJ,7094
PPT USA,1/10/2023,NJ,D146GB15KSAS2.56GRXX,,N,-1,11:17,,G6762687,495425306,O,PICK,,EDI,vendorserv,,PAR52372,,,SHI International Corp,14 Farber Road,,Princeton,NJ,8540,Jeffrey Price,9a6664ae-816,125616115,NEW JERSEY PPT USA SSL,131 SEAVIEW DRIVE,,SECAUCUS,NJ,7094
PPT USA,1/10/2023,NJ,E4TB7.2KSAS12GPS4166,,N,1,5:55,F1,ZAA5EV60,SH0549188,I,IRP,,EDI,,,PAR52372,F1,393039595960,NEW JERSEY PPT USA SSL,131 SEAVIEW DRIVE,,SECAUCUS,NJ,7094,,18c3a953-729,6f3612e0-8f86-4d7e-927b-0be9bfa49d29,CHOICE INC,5808 Johnsontown Road,,Louisville,KY,40272
PPT USA,1/10/2023,NJ,N01-UAC1,,N,1,5:42,F1,ZAA5EV6A,SH0549199,I,IRP,,EDI,,,PAR52372,F1,393040078577,NEW JERSEY PPT USA SSL,131 SEAVIEW DRIVE,,SECAUCUS,NJ,7094,,7043411b-645,459dfae5-c98e-4d9b-b314-0c26c57e44a3,CHOICE INC,5808 Johnsontown Road,,Louisville,KY,40272
PPT USA,1/10/2023,NJ,N2200-PAC-400W-SN,,N,1,5:37,F1,ZAA5EV6A,SH0549199,I,IRP,,EDI,,,PAR52372,F1,393040078577,NEW JERSEY PPT USA SSL,131 SEAVIEW DRIVE,,SECAUCUS,NJ,7094,,7043411b-645,261ab34b-bc09-449d-8a8f-4068fe54f1a0,CHOICE INC,5808 Johnsontown Road,,Louisville,KY,40272
PPT USA,1/10/2023,NJ,SFN5322F,,N,1,5:46,F1,ZAA5EWE3,SH0549498,I,IRP,,EDI,,,PAR52372,F1,393074543688,NEW JERSEY PPT USA SSL,131 SEAVIEW DRIVE,,SECAUCUS,NJ,7094,,d89f24a6-9a7,4df4a72e-de1c-418d-8779-7c071a2cea3f,CHOICE INC,5808 Johnsontown Road,,Louisville,KY,40272
PPT USA,1/10/2023,NJ,SOLR-SFM10G-SR,,N,-1,13:42,FGD,ZAA5EZSH,IT2301080537,O,XFRG,,logparkpl,remnj,,PAR52372,,,EXCEL GROUP,405 GLENN DRIVE,,STERLING,VA,20164,,,IT2301080537,NEW JERSEY PPT USA SSL,131 SEAVIEW DRIVE,,SECAUCUS,NJ,7094
PPT USA,1/10/2023,NJ,UCS-IOM2208-16FET,,N,1,5:53,F1,ZAA5EWEE,SH0549501,I,IRP,,EDI,,,PAR52372,F1,393074834199,NEW JERSEY PPT USA SSL,131 SEAVIEW DRIVE,,SECAUCUS,NJ,7094,,54ebf0a3-745,8fecbfc6-c043-41bd-842b-4541f5d51098,CHOICE INC,5808 Johnsontown Road,,Louisville,KY,40272
PPT USA,1/10/2023,NJ,UCS-MR-1X162RZ-A,,N,5,5:56,F1,ZAA5EV60,SH0549188,I,IRP,,EDI,,,PAR52372,F1,393039595960,NEW JERSEY PPT USA SSL,131 SEAVIEW DRIVE,,SECAUCUS,NJ,7094,,18c3a953-729,3fc41ae0-d7c6-43ba-a67d-235962116f05,CHOICE INC,5808 Johnsontown Road,,Louisville,KY,40272
PPT USA,1/10/2023,NJ,UCS-SPM-M32-RUA,,N,4,5:39,F1,ZAA5EV6A,SH0549199,I,IRP,,EDI,,,PAR52372,F1,393040078577,NEW JERSEY PPT USA SSL,131 SEAVIEW DRIVE,,SECAUCUS,NJ,7094,,7043411b-645,ca9fc076-8cc3-49b3-ab80-4c05eff3756f,CHOICE INC,5808 Johnsontown Road,,Louisville,KY,40272
PPT USA,1/10/2023,NJ,WS-C3850-48P-S,,N,1,5:30,F1,ZAA5EV2V,SH0549152,I,IRP,,EDI,,,PAR52372,F1,393039019195,NEW JERSEY PPT USA SSL,131 SEAVIEW DRIVE,,SECAUCUS,NJ,7094,,8141b68f-eeb,ac8c8f49-04eb-4d17-81c2-9cff7280170a,CHOICE INC,5808 Johnsontown Road,,Louisville,KY,40272
PPT USA,1/10/2023,NJ,X2522-25G-PLUS,,N,1,5:50,F1,ZAA5EV2Y,SH0549180,I,IRP,,EDI,,,PAR52372,F1,393039129486,NEW JERSEY PPT USA SSL,131 SEAVIEW DRIVE,,SECAUCUS,NJ,7094,,03fbe414-3ee,2c7f6f95-969d-46e7-9539-3a77ce7150ff,CHOICE INC,5808 Johnsontown Road,,Louisville,KY,40272
PPT USA,1/10/2023,NJ,X412A-R5,,N,-1,10:17,,G6762680,897708328,O,PICK,,EDI,vendorserv,,PAR52372,,,SHI International Corp,15 Enterprise Ave N,,Secaucus,NJ,07094-2505,K. Hovnanian Co,5383bfe4-0ee,125659569,NEW JERSEY PPT USA SSL,131 SEAVIEW DRIVE,,SECAUCUS,NJ,7094
RADIANT,1/10/2023,NJ,1635-0000-9090,20-58653927,N,-1,8:38,,G6762644,59931595,O,PICK,,logradi,Doug,,RAD52235,,,CHICK-FIL-A 04353,1662 US ROUTE 22,,WATCHUNG,NJ,7069,MOD,2889229,59931595,NEW JERSEY NCR SSL,131 SEAVIEW DRIVE,,SECAUCUS,NJ,7094
RADIANT,1/10/2023,NJ,1635-0000-9090,20-58712971,N,-1,17:14,,G6762825,59932725,O,PICK,,logradi,vendorserv,,RAD52235,,,CHICK-FIL-A 03223,2821 STATE ROAD 35,,HAZLET,NJ,07730-1516,MOD,2890581,59932725,NEW JERSEY NCR SSL,131 SEAVIEW DRIVE,,SECAUCUS,NJ,7094
RADIANT,1/10/2023,NJ,1635-6008-9090,20-58712146,N,-1,9:48,,G6762640,59931410,O,PICK,,bmohali,vendorserv,,RAD52235,,,MAGGIANOS BOSTON BOSTN 139,4 COLUMBUS AVE.,,BOSTON,MA,2116,,2889086,59931410,NEW JERSEY NCR SSL,131 SEAVIEW DRIVE,,SECAUCUS,NJ,7094
RADIANT,1/10/2023,NJ,1651-0100-8801,49085272,N,-1,8:06,,G6762582,59931378,O,PICK,,logradi,vendorserv,,RAD52235,,,BJS WHOLESALE CLUB #008,300 STATE RT 17,,E. RUTHERFORD,NJ,7073,MOD,2889043,59931378,NEW JERSEY NCR SSL,131 SEAVIEW DRIVE,,SECAUCUS,NJ,7094
RADIANT,1/10/2023,NJ,7128-0016-8801,XAZ7000604,N,-1,13:56,,G6762770,59932350,O,PICK,,logradi,vendorserv,,RAD52235,,,CHICK-FIL-A 02709,2319 US HIGHWAY 22 W,,UNION,NJ,7083,MOD,2890062,59932350,NEW JERSEY NCR SSL,131 SEAVIEW DRIVE,,SECAUCUS,NJ,7094
AVT,1/11/2023,NJ,R749K,C5512,N,-1,10:17,,G6762972,PR-119295,O,PICK,6SK1TDHX,logtechdat,vendorserv,,AVT52434,,,Ricoh USA,500 Commack Rd Unit 140,,COMMACK,NY,11725,NOC,RICOH USA,PR-119295,NEW JERSEY AVT SSL,131 SEAVIEW DRIVE,,SECAUCUS,NJ,7094
ELP,1/11/2023,NJ,1516753,,N,-1,17:56,FE,ZAA5F3XC,8048113,O,STND,,ediimp,,,ELE52240,,,US: Joan Mati,US: JOAN MATI,221 FAITH CT,Newington,CT,6111,N/A,,02611494-1,NEW JERSEY ELEKTA SSL,131 SEAVIEW DRIVE,,SECAUCUS,NJ,7094
ELP,1/11/2023,NJ,45133165177,44611,N,-1,17:56,FE,ZAA5F3XC,8048113,O,STND,,ediimp,,,ELE52240,,,US: Joan Mati,US: JOAN MATI,221 FAITH CT,Newington,CT,6111,N/A,,02611494-2,NEW JERSEY ELEKTA SSL,131 SEAVIEW DRIVE,,SECAUCUS,NJ,7094
INFINERA,1/11/2023,NJ,AOLM-500-T4-1-C5,MA1219280033,N,-1,16:37,UNA,ZAA5F3E3,590092905,O,XFRG,,EDI,remnj,,INF52294,,,HAZELS HOT SHOTS,1215 W CROSBY RD,SUITE# 130,CARROLLTON,TX,75006,RICHARD PRADO,STO,10,US PACK,131 SEAVIEW DRIVE,,SECAUCUS,NJ,7094
INFINDAT,1/11/2023,NJ,BBU-00007-CS,C39251,N,-1,16:45,F1,ZAA5F1XU,CS-128507,O,OCPU,AS2137253690,EDI,remnj,,ISR52307,,,Cigna,22271 Broderick Dr.,,Sterling,VA,20166,Kevin Hylton,142726,524478,SECAUCUS ICL INFINIDAT SSL,131 SEAVIEW DRIVE,,SECAUCUS,NJ,7094
INFINDAT,1/11/2023,NJ,DIM-00040-CS,C37744,N,-1,15:24,F1,ZAA5F212,CS-128521,O,OCPU,3604ED72,EDI,remnj,,ISR52307,,,Tyler Technologies,400 S Akard St,,Dallas,TX,75202,Burt Ragsdill,142766,524522,SECAUCUS ICL INFINIDAT SSL,131 SEAVIEW DRIVE,,SECAUCUS,NJ,7094
INFINDAT,1/11/2023,NJ,DIM-00056-CS,C37105,N,-1,15:49,F1,ZAA5F35S,CS-128558,O,OCPU,374881D9,EDI,remnj,,ISR52307,,,T-Mobile HQ,12490 Sunrise Valley Drive,,Reston,VA,20196,Jacque Summers,142884,524750,SECAUCUS ICL INFINIDAT SSL,131 SEAVIEW DRIVE,,SECAUCUS,NJ,7094
INFINDAT,1/11/2023,NJ,DIM-00056-CS,C37106,N,-1,15:49,F1,ZAA5F35S,CS-128558,O,OCPU,37487F32,EDI,remnj,,ISR52307,,,T-Mobile HQ,12490 Sunrise Valley Drive,,Reston,VA,20196,Jacque Summers,142884,524750,SECAUCUS ICL INFINIDAT SSL,131 SEAVIEW DRIVE,,SECAUCUS,NJ,7094
INFINDAT,1/11/2023,NJ,DSK-00036-CS,C37723,N,-1,15:15,F1,ZAA5F1QA,CS-128483,O,OCPU,ZADBAK7P,EDI,remnj,,ISR52307,,,"Black Knight Technologies, LLC",601 Riverside Ave,Bldg4 Loading Dock,Jacksonville,FL,32204,Enterprise-Stor,142689,524448,SECAUCUS ICL INFINIDAT SSL,131 SEAVIEW DRIVE,,SECAUCUS,NJ,7094
INFINDAT,1/11/2023,NJ,DSK-00036-CS,C37724,N,-1,16:13,F1,ZAA5F28E,CS-128531,O,OCPU,ZADBBXAJ,EDI,remnj,,ISR52307,,,"Centra Health, Inc",1920 Atherholt Road,,Lynchburg,VA,24501,Wes Saunders,142829,524663,SECAUCUS ICL INFINIDAT SSL,131 SEAVIEW DRIVE,,SECAUCUS,NJ,7094
INFINDAT,1/11/2023,NJ,DSK-00036-CS,C37725,N,-1,16:03,F1,ZAA5F29A,CS-128533,O,OCPU,ZADBCAV6,EDI,remnj,,ISR52307,,,"Centra Health, Inc",1920 Atherholt Road,ATTN: Wes Saunders,Lynchburg,VA,24501,Wes Saunders,142835,524670,SECAUCUS ICL INFINIDAT SSL,131 SEAVIEW DRIVE,,SECAUCUS,NJ,7094
INFINDAT,1/11/2023,NJ,DSK-00036-CS,C37926,N,-1,16:03,F1,ZAA5F29A,CS-128533,O,OCPU,ZADBC9HY,EDI,remnj,,ISR52307,,,"Centra Health, Inc",1920 Atherholt Road,ATTN: Wes Saunders,Lynchburg,VA,24501,Wes Saunders,142835,524670,SECAUCUS ICL INFINIDAT SSL,131 SEAVIEW DRIVE,,SECAUCUS,NJ,7094
INFINDAT,1/11/2023,NJ,DSK-00051-CS,C38887,N,-1,15:24,F1,ZAA5F212,CS-128521,O,OCPU,V6HP6DPR,EDI,remnj,,ISR52307,,,Tyler Technologies,400 S Akard St,,Dallas,TX,75202,Burt Ragsdill,142766,524523,SECAUCUS ICL INFINIDAT SSL,131 SEAVIEW DRIVE,,SECAUCUS,NJ,7094
INFINDAT,1/11/2023,NJ,DSK-00051-CS,C38888,N,-1,15:24,F1,ZAA5F212,CS-128521,O,OCPU,V6HP7SAR,EDI,remnj,,ISR52307,,,Tyler Technologies,400 S Akard St,,Dallas,TX,75202,Burt Ragsdill,142766,524523,SECAUCUS ICL INFINIDAT SSL,131 SEAVIEW DRIVE,,SECAUCUS,NJ,7094
INFINDAT,1/11/2023,NJ,DSK-00051-CS,C38890,N,-1,15:24,F1,ZAA5F212,CS-128521,O,OCPU,V6HPG1NR,EDI,remnj,,ISR52307,,,Tyler Technologies,400 S Akard St,,Dallas,TX,75202,Burt Ragsdill,142766,524523,SECAUCUS ICL INFINIDAT SSL,131 SEAVIEW DRIVE,,SECAUCUS,NJ,7094
INFINDAT,1/11/2023,NJ,DSK-00064-CS,C37420,N,-1,17:39,F1,ZAA5F3X8,CS-128498,O,OCPU,WS225LNT,EDI,remnj,,ISR52307,,,Fidelity,100 New Millennium Way,Bldg 3,Durham,NC,27709,Scott Perrin,142912,524816,SECAUCUS ICL INFINIDAT SSL,131 SEAVIEW DRIVE,,SECAUCUS,NJ,7094
INFINDAT,1/11/2023,NJ,DSK-00064-CS,C37421,N,-1,17:39,F1,ZAA5F3X8,CS-128498,O,OCPU,WS22326V,EDI,remnj,,ISR52307,,,Fidelity,100 New Millennium Way,Bldg 3,Durham,NC,27709,Scott Perrin,142912,524816,SECAUCUS ICL INFINIDAT SSL,131 SEAVIEW DRIVE,,SECAUCUS,NJ,7094
INFINDAT,1/11/2023,NJ,DSK-00064-CS,C37422,N,-1,17:39,F1,ZAA5F3X8,CS-128498,O,OCPU,WS225WDE,EDI,remnj,,ISR52307,,,Fidelity,100 New Millennium Way,Bldg 3,Durham,NC,27709,Scott Perrin,142912,524816,SECAUCUS ICL INFINIDAT SSL,131 SEAVIEW DRIVE,,SECAUCUS,NJ,7094
INFINDAT,1/11/2023,NJ,DSK-00064-CS,C37423,N,-1,17:39,F1,ZAA5F3X8,CS-128498,O,OCPU,WJG0LDT4,EDI,remnj,,ISR52307,,,Fidelity,100 New Millennium Way,Bldg 3,Durham,NC,27709,Scott Perrin,142912,524816,SECAUCUS ICL INFINIDAT SSL,131 SEAVIEW DRIVE,,SECAUCUS,NJ,7094
INFINDAT,1/11/2023,NJ,HWR-00092-CS,C39119,N,-1,16:03,F1,ZAA5F29A,CS-128533,O,OCPU,59304,EDI,remnj,,ISR52307,,,"Centra Health, Inc",1920 Atherholt Road,ATTN: Wes Saunders,Lynchburg,VA,24501,Wes Saunders,142835,524669,SECAUCUS ICL INFINIDAT SSL,131 SEAVIEW DRIVE,,SECAUCUS,NJ,7094
INFINDAT,1/11/2023,NJ,HWR-00092-CS,C39120,N,-1,16:03,F1,ZAA5F29A,CS-128533,O,OCPU,59308,EDI,remnj,,ISR52307,,,"Centra Health, Inc",1920 Atherholt Road,ATTN: Wes Saunders,Lynchburg,VA,24501,Wes Saunders,142835,524669,SECAUCUS ICL INFINIDAT SSL,131 SEAVIEW DRIVE,,SECAUCUS,NJ,7094
INFINDAT,1/11/2023,NJ,HWR-00092-CS,C39122,N,-1,16:03,F1,ZAA5F29A,CS-128533,O,OCPU,59313,EDI,remnj,,ISR52307,,,"Centra Health, Inc",1920 Atherholt Road,ATTN: Wes Saunders,Lynchburg,VA,24501,Wes Saunders,142835,524669,SECAUCUS ICL INFINIDAT SSL,131 SEAVIEW DRIVE,,SECAUCUS,NJ,7094
INFINDAT,1/11/2023,NJ,HWR-00092-CS,C39130,N,-1,16:13,F1,ZAA5F28E,CS-128531,O,OCPU,59305,EDI,remnj,,ISR52307,,,"Centra Health, Inc",1920 Atherholt Road,,Lynchburg,VA,24501,Wes Saunders,142829,524662,SECAUCUS ICL INFINIDAT SSL,131 SEAVIEW DRIVE,,SECAUCUS,NJ,7094
INFINDAT,1/11/2023,NJ,HWR-00092-CS,C39131,N,-1,16:13,F1,ZAA5F28E,CS-128531,O,OCPU,59302,EDI,remnj,,ISR52307,,,"Centra Health, Inc",1920 Atherholt Road,,Lynchburg,VA,24501,Wes Saunders,142829,524662,SECAUCUS ICL INFINIDAT SSL,131 SEAVIEW DRIVE,,SECAUCUS,NJ,7094
INFINDAT,1/11/2023,NJ,HWR-00092-CS,C39132,N,-1,16:13,F1,ZAA5F28E,CS-128531,O,OCPU,59303,EDI,remnj,,ISR52307,,,"Centra Health, Inc",1920 Atherholt Road,,Lynchburg,VA,24501,Wes Saunders,142829,524662,SECAUCUS ICL INFINIDAT SSL,131 SEAVIEW DRIVE,,SECAUCUS,NJ,7094
INFINDAT,1/11/2023,NJ,SSD-10011-CS,C32318,N,-1,15:15,F1,ZAA5F1QA,CS-128483,O,OCPU,S2TVNX0M414057,EDI,remnj,,ISR52307,,,"Black Knight Technologies, LLC",601 Riverside Ave,Bldg4 Loading Dock,Jacksonville,FL,32204,Enterprise-Stor,142689,524447,SECAUCUS ICL INFINIDAT SSL,131 SEAVIEW DRIVE,,SECAUCUS,NJ,7094
INFINDAT,1/11/2023,NJ,SSD-10039-CS,C39161,N,-1,17:39,F1,ZAA5F3X8,CS-128498,O,OCPU,S487NY0R802957,EDI,remnj,,ISR52307,,,Fidelity,100 New Millennium Way,Bldg 3,Durham,NC,27709,Scott Perrin,142912,524817,SECAUCUS ICL INFINIDAT SSL,131 SEAVIEW DRIVE,,SECAUCUS,NJ,7094
IMPLANT,1/11/2023,NJ,20052305,,N,-1,14:55,F1,ZAA5F2G8,SAXZ015411,O,OCPU,,logl3co,remnj,,L3C52239,,,JIMMI LORA,305 Church St,,NEW ROCHELLE,NY,10805,JIMMI LORA,11203049,11203049,NEW JERSEY IMPLANT SSL,131 SEAVIEW DRIVE,,SECAUCUS,NJ,7094
PPT USA,1/11/2023,NJ,689229-001,,N,-1,18:51,,G6763090,SV1056431,O,PICK,,logparkpl,vendorserv,,PAR52372,,,Bryan W. Whitfield Memorial Hospital,105 US Highway 80 E,,DEMOPOLIS,AL,36732,Donna Gandy,,SV1056431,NEW JERSEY PPT USA SSL,131 SEAVIEW DRIVE,,SECAUCUS,NJ,7094
PPT USA,1/11/2023,NJ,749796-001,,N,-1,14:01,,G6761737,1676791170,O,WC,,EDI,ccorzas,,PAR52372,,,NEW JERSEY PPT USA SSL,131 SEAVIEW DRIVE,,SECAUCUS,NJ,7094,PPT Tech,8b846495-d6c,125211638,NEW JERSEY PPT USA SSL,131 SEAVIEW DRIVE,,SECAUCUS,NJ,7094
PPT USA,1/11/2023,NJ,749796-001,,N,1,14:01,WC,ZAA5F3JG,1676791170,I,IRI,,ccorzas,,,PAR52372,,,NEW JERSEY PPT USA SSL,131 SEAVIEW DRIVE,,SECAUCUS,NJ,7094,,8b846495-d6c,125211638,NEW JERSEY PPT USA SSL,131 SEAVIEW DRIVE,,SECAUCUS,NJ,7094
PPT USA,1/11/2023,NJ,840757-091,,N,-1,16:05,F1,ZAA5F348,167572360,O,OCPU,,EDI,remnj,,PAR52372,,,University Hospitals of Cleveland,University Hospitals of Cleveland,21500 Aerospace Pkwy,Cleveland,OH,44142-1071,Chuck Bohatka a,20804812-e03,125754537,NEW JERSEY PPT USA SSL,131 SEAVIEW DRIVE,,SECAUCUS,NJ,7094
PPT USA,1/11/2023,NJ,DS-C9124-K9,,N,-1,16:30,F1,ZAA5F2ZW,1623529997,O,OCPU,,EDI,remnj,,PAR52372,,,SS&C Technologies Inc,1565 Front St,,Yorktown Heights,NY,10598,Karamvir Singh,e8c48e57-b7c,125794547,NEW JERSEY PPT USA SSL,131 SEAVIEW DRIVE,,SECAUCUS,NJ,7094
PPT USA,1/11/2023,NJ,X412A-R5,,N,-1,9:17,,G6762822,1397485171,O,WC,,EDI,vendorserv,,PAR52372,,,NEW JERSEY PPT USA SSL,131 SEAVIEW DRIVE,,SECAUCUS,NJ,7094,PPT Tech,cab89b4d-a32,125732466,NEW JERSEY PPT USA SSL,131 SEAVIEW DRIVE,,SECAUCUS,NJ,7094
PPT USA,1/11/2023,NJ,X412A-R5,,N,-1,9:17,,G6762926,728078325,O,WC,,EDI,vendorserv,,PAR52372,,,NEW JERSEY PPT USA SSL,131 SEAVIEW DRIVE,,SECAUCUS,NJ,7094,PPT Tech,63a24fb6-d5b,125786876,NEW JERSEY PPT USA SSL,131 SEAVIEW DRIVE,,SECAUCUS,NJ,7094
PPT USA,1/11/2023,NJ,X412A-R5,,N,-3,15:29,,G6763049,1711033429,O,WC,,EDI,vendorserv,,PAR52372,,,NEW JERSEY PPT USA SSL,131 SEAVIEW DRIVE,,SECAUCUS,NJ,7094,PPT Tech,2bd7677f-2d9,125851893,NEW JERSEY PPT USA SSL,131 SEAVIEW DRIVE,,SECAUCUS,NJ,7094
RADIANT,1/11/2023,NJ,7128-0016-8801,X7RP030898,N,-1,16:20,,G6763073,59934089,O,PICK,,logradi,vendorserv,,RAD52235,,,CHICK-FIL-A 02744,522 ROUTE 70,,BRICK,NJ,8723,MOD,2891817,59934089,NEW JERSEY NCR SSL,131 SEAVIEW DRIVE,,SECAUCUS,NJ,7094
RADIANT,1/11/2023,NJ,7745-3100-0026,11-53259002,N,-1,14:20,,G6763037,59933905,O,PICK,,logradi,vendorserv,,RAD52235,,,STARR - LA MERCERIE,53 HOWARD ST,,NEW YORK,NY,10013-2529,MOD,2891551,59933905,NEW JERSEY NCR SSL,131 SEAVIEW DRIVE,,SECAUCUS,NJ,7094
SQUIRREL,1/11/2023,NJ,SQ-2116,,N,-1,14:20,,G6763051,21815,O,PICK,,nengel,vendorserv,,SQU52350,,,NOBU,195 BROADWAY,,NEW YORK,NY,10007,MICHAEL LOPEZ,,,NEW JERSEY SQUIRREL SSL,131 SEAVIEW DRIVE,,SECAUCUS,NJ,7094
AMERICAS,1/12/2023,NJ,DCS-7150S-64-CL-R,JPE16183162,N,1,10:32,FP2,ZAA5F1HV,DAL011023NJ,I,IRI,,EDI,,,ARI52273,FP2,393272930979,CHOICE NJ LOGISTICS,131 SEAVIEW DRIVE,,SECAUCUS,NJ,7094,JOE PODOLSKI,,,HAZELS HOT SHOTS,1215 W CROSBY RD SUITE#,,CARROLLTON,TX,75006
ELP,1/12/2023,NJ,1526644,,N,1,10:34,FFX,ZAA5EZYC,8046255,I,IRI,,ediimp,,,ELE52240,FFX,393256169293,NEW JERSEY ELEKTA SSL,131 SEAVIEW DRIVE,,SECAUCUS,NJ,7094,,,02610989-10,MEMPHIS ELEKTA SSL,3106 Connabrook Dr,,MEMPHIS,TN,38116
HITACHI,1/12/2023,NJ,5559119-P,C1520557,N,-1,13:54,,G6763317,549107,O,PICK,717ACKWFK4KNBT,EDI,tyaltschul,,HIT51280,,,TJUH,1500 SPRING GARDEN STREET 3RD FLOOR,,Philadelphia,PA,7102,Chris Hitachi B,3863574,a2F2S000003dYqnUAE,SECAUCUS HITACHI SSL,131 SEAVIEW DRIVE,,SECAUCUS,NJ,7094
INFINERA,1/12/2023,NJ,GQS-G30CHASF-00,AQ1270035,N,1,8:24,,G6762429,1940640,I,IRI,,,,,INF52294,,,SECAUCUS INFINERA SPARES SSL,131 SEAVIEW DRIVE,,SECAUCUS,NJ,7719,Sheung Leung,,39304,ESNET C/O NYSERNET,32 6TH AVENUE - SUITE/ROOM 24.06,24TH FLOOR,NEW YORK,NJ,7094
INFINERA,1/12/2023,NJ,GQS-G30CHASF-00,AQ1270062,N,1,8:15,,G6756553,1950253,I,IRI,,,,,INF52294,,,SECAUCUS INFINERA SPARES SSL,131 SEAVIEW DRIVE,,SECAUCUS,NJ,7719,Sheung Leung,,1950253,NYSERNET C/O DIGITAL REALTY,"32 SIXTH AVENUE, 24TH FLOOR",,NEW YORK,NJ,7094
INFINERA,1/12/2023,NJ,NPA,,N,-1,22:26,,G6763437,1985707,O,PICK,,mhoffner,bmohali,,INF52294,,,EXCEL GROUP,10727 HANNA STREET,,BELTSVILLE,MD,20705,BRADY WEST,RMA,1985707,MSFT NA,44633 Guilford Drive,,Ashburn,VA,20147
INFINERA,1/12/2023,NJ,X-PS2-DC,MA6222468866,N,1,11:54,UNA,ZAA5F1V2,590092821,I,IRI,,EDI,,,INF52294,UNA,1Z6V544A1391035820,CHOICE NJ LOGISTICS,131 SEAVIEW DRIVE,,SECAUCUS,NJ,7094,JOE PODOLSKI,STO,10,HAZELS HOT SHOTS,1215 W CROSBY RD SUITE#,,CARROLLTON,TX,75006
INFINERA,1/12/2023,NJ,XMM,MA4721080447,N,-1,11:17,,G6763255,1985677,O,PICK,,EDI,vendorserv,,INF52294,,,Microsoft- Ashburn,21625 Gresham Drive,,Ashburn,VA,20147,Sam Runner,RMA,1,SECAUCUS INFINERA SPARES SSL,131 SEAVIEW DRIVE,,SECAUCUS,NJ,7094
INFINERA,1/12/2023,NJ,XMM,MA4721090377,N,-1,12:50,,G6763309,1985707,O,PICK,,EDI,G6763437,,INF52294,,,MSFT NA,44633 Guilford Drive,,Ashburn,VA,20147,Charles Bocovo,RMA,1,SECAUCUS INFINERA SPARES SSL,131 SEAVIEW DRIVE,,SECAUCUS,NJ,7094
INFINDAT,1/12/2023,NJ,CAB-20014-A-CS,,N,2,9:13,UE,ZAA5EWSN,CS-127571,I,GIRN,,nzohra,nzohra,,ISR52307,UE,1Z9FW8600399524578,SECAUCUS ICL INFINIDAT SSL,131 SEAVIEW DRIVE,,SECAUCUS,NJ,7094,,,,PRE ALERT,PRE ALERT,,.,US,7094
INFINDAT,1/12/2023,NJ,DIM-00040-CS,C37743,N,-1,17:44,F1,ZAA5F6H4,CS-128242,O,OCPU,36227D80,EDI,,,ISR52307,,,US Signal,"3614 28th St SE, Grand Rap",,Grand Rapids,MI,49512,Raymond Kadry,143081,523208,SECAUCUS ICL INFINIDAT SSL,131 SEAVIEW DRIVE,,SECAUCUS,NJ,7094
INFINDAT,1/12/2023,NJ,DIM-00040-CS,C38858,N,-1,13:51,F1,ZAA5F5HH,CS-128640,O,OCPU,39AA46D5,EDI,remnj,,ISR52307,,,MD State DOT (Dept Of Transportation),1 Orchard Road,,Glen Burnie,MD,21060,Dan Mueller,143058,525517,SECAUCUS ICL INFINIDAT SSL,131 SEAVIEW DRIVE,,SECAUCUS,NJ,7094
INFINDAT,1/12/2023,NJ,DSK-00036-CS,C37927,N,-1,13:51,F1,ZAA5F5HH,CS-128640,O,OCPU,ZADBC3WP,EDI,remnj,,ISR52307,,,MD State DOT (Dept Of Transportation),1 Orchard Road,,Glen Burnie,MD,21060,Dan Mueller,143058,525518,SECAUCUS ICL INFINIDAT SSL,131 SEAVIEW DRIVE,,SECAUCUS,NJ,7094
INFINDAT,1/12/2023,NJ,DSK-00036-CS,C37928,N,-1,13:51,F1,ZAA5F5HH,CS-128640,O,OCPU,ZADBC430,EDI,remnj,,ISR52307,,,MD State DOT (Dept Of Transportation),1 Orchard Road,,Glen Burnie,MD,21060,Dan Mueller,143058,525518,SECAUCUS ICL INFINIDAT SSL,131 SEAVIEW DRIVE,,SECAUCUS,NJ,7094
INFINDAT,1/12/2023,NJ,DSK-00049-CS,C39401,Y,1,12:03,UPG,ZAA5D8G3,CS-125554,I,DIRN,WFK0TKF5,jstrassbur,,,ISR52307,UPG,1Z6V544A9090322564,SECAUCUS ICL INFINIDAT SSL,131 SEAVIEW DRIVE,,SECAUCUS,NJ,7094,,,,,,,,,
INFINDAT,1/12/2023,NJ,DSK-00051-CS,C38889,N,-1,13:33,F1,ZAA5F5JN,CS-128642,O,OCPU,V6HP818R,EDI,remnj,,ISR52307,,,Fidelity,11050 Cornhusker Road,,Papillion,NE,68046,Maureen Ross,143061,525523,SECAUCUS ICL INFINIDAT SSL,131 SEAVIEW DRIVE,,SECAUCUS,NJ,7094
INFINDAT,1/12/2023,NJ,DSK-00061-CS,C39141,N,-1,14:25,F1,ZAA5F43L,CS-128593,O,OCPU,WS24788E,EDI,remnj,,ISR52307,,,State Farm Insurance,24400 W. Valley Parkway,,Olathe,KS,66061,Olathe DC Opera,142921,524831,SECAUCUS ICL INFINIDAT SSL,131 SEAVIEW DRIVE,,SECAUCUS,NJ,7094
INFINDAT,1/12/2023,NJ,DSK-00061-CS,C39142,N,-1,14:25,F1,ZAA5F43L,CS-128593,O,OCPU,WS2477CE,EDI,remnj,,ISR52307,,,State Farm Insurance,24400 W. Valley Parkway,,Olathe,KS,66061,Olathe DC Opera,142921,524831,SECAUCUS ICL INFINIDAT SSL,131 SEAVIEW DRIVE,,SECAUCUS,NJ,7094
INFINDAT,1/12/2023,NJ,DSK-00061-CS,C39143,N,-1,14:25,F1,ZAA5F43L,CS-128593,O,OCPU,WS24787V,EDI,remnj,,ISR52307,,,State Farm Insurance,24400 W. Valley Parkway,,Olathe,KS,66061,Olathe DC Opera,142921,524831,SECAUCUS ICL INFINIDAT SSL,131 SEAVIEW DRIVE,,SECAUCUS,NJ,7094
INFINDAT,1/12/2023,NJ,DSK-00061-CS,C39144,N,-1,14:25,F1,ZAA5F43L,CS-128593,O,OCPU,WS2478AB,EDI,remnj,,ISR52307,,,State Farm Insurance,24400 W. Valley Parkway,,Olathe,KS,66061,Olathe DC Opera,142921,524831,SECAUCUS ICL INFINIDAT SSL,131 SEAVIEW DRIVE,,SECAUCUS,NJ,7094
INFINDAT,1/12/2023,NJ,DSK-00061-CS,C39145,N,-1,14:25,F1,ZAA5F43L,CS-128593,O,OCPU,WS2477TC,EDI,remnj,,ISR52307,,,State Farm Insurance,24400 W. Valley Parkway,,Olathe,KS,66061,Olathe DC Opera,142921,524831,SECAUCUS ICL INFINIDAT SSL,131 SEAVIEW DRIVE,,SECAUCUS,NJ,7094
INFINDAT,1/12/2023,NJ,DSK-00061-CS,C39146,N,-1,14:25,F1,ZAA5F43L,CS-128593,O,OCPU,WS2477JX,EDI,remnj,,ISR52307,,,State Farm Insurance,24400 W. Valley Parkway,,Olathe,KS,66061,Olathe DC Opera,142921,524831,SECAUCUS ICL INFINIDAT SSL,131 SEAVIEW DRIVE,,SECAUCUS,NJ,7094
INFINDAT,1/12/2023,NJ,DSK-00061-CS,C39152,N,-1,13:33,F1,ZAA5F5JN,CS-128642,O,OCPU,WS24783M,EDI,remnj,,ISR52307,,,Fidelity,11050 Cornhusker Road,,Papillion,NE,68046,Maureen Ross,143061,525523,SECAUCUS ICL INFINIDAT SSL,131 SEAVIEW DRIVE,,SECAUCUS,NJ,7094
INFINDAT,1/12/2023,NJ,DSK-00064-CS,C37419,N,-1,17:44,F1,ZAA5F6H4,CS-128242,O,OCPU,WJG0L0MZ,EDI,,,ISR52307,,,US Signal,"3614 28th St SE, Grand Rap",,Grand Rapids,MI,49512,Raymond Kadry,143081,523209,SECAUCUS ICL INFINIDAT SSL,131 SEAVIEW DRIVE,,SECAUCUS,NJ,7094
INFINDAT,1/12/2023,NJ,HWR-00092-CS,C39123,N,-1,17:44,F1,ZAA5F6H4,CS-128242,O,OCPU,59294,EDI,,,ISR52307,,,US Signal,"3614 28th St SE, Grand Rap",,Grand Rapids,MI,49512,Raymond Kadry,143081,523210,SECAUCUS ICL INFINIDAT SSL,131 SEAVIEW DRIVE,,SECAUCUS,NJ,7094
INFINDAT,1/12/2023,NJ,HWR-00092-CS,C39124,N,-1,17:44,F1,ZAA5F6H4,CS-128242,O,OCPU,59295,EDI,,,ISR52307,,,US Signal,"3614 28th St SE, Grand Rap",,Grand Rapids,MI,49512,Raymond Kadry,143081,523210,SECAUCUS ICL INFINIDAT SSL,131 SEAVIEW DRIVE,,SECAUCUS,NJ,7094
INFINDAT,1/12/2023,NJ,HWR-00092-CS,C39125,N,-1,17:44,F1,ZAA5F6H4,CS-128242,O,OCPU,59296,EDI,,,ISR52307,,,US Signal,"3614 28th St SE, Grand Rap",,Grand Rapids,MI,49512,Raymond Kadry,143081,523210,SECAUCUS ICL INFINIDAT SSL,131 SEAVIEW DRIVE,,SECAUCUS,NJ,7094
INFINDAT,1/12/2023,NJ,SFP-00047-CS,C34920,N,1,9:10,UE,ZAA5EWSN,CS-127571,I,GIRN,P3FC5C4,nzohra,nzohra,,ISR52307,UE,1Z9FW8600399524578,SECAUCUS ICL INFINIDAT SSL,131 SEAVIEW DRIVE,,SECAUCUS,NJ,7094,,,,PRE ALERT,PRE ALERT,,.,US,7094
INFINDAT,1/12/2023,NJ,SSD-10039-CS,C39162,N,-1,13:33,F1,ZAA5F5JN,CS-128642,O,OCPU,S487NA0T200205,EDI,remnj,,ISR52307,,,Fidelity,11050 Cornhusker Road,,Papillion,NE,68046,Maureen Ross,143061,525524,SECAUCUS ICL INFINIDAT SSL,131 SEAVIEW DRIVE,,SECAUCUS,NJ,7094
INFINDAT,1/12/2023,NJ,SSD-10045-CS,C38531,Y,1,12:08,UND,ZAA5ENG5,CS-127738,I,DIRN,21363158F475,EDI,lkreger,,ISR52307,UND,1Z9FW8600397365913,SECAUCUS ICL INFINIDAT SSL,131 SEAVIEW DRIVE,,SECAUCUS,NJ,7094,,141402,520651,Canton,2600 Sixth Street S.W.,,Canton,OH,44710
IMPLANT,1/12/2023,NJ,41700029,,N,-1,11:53,,G6763290,SAXZ015990,O,PICK,,logl3co,vendorserv,,L3C52239,,,Anthony Bell / Leidos tech,1124 14th St,,FORT LEE,NJ,7024,Anthony Bell,11255965,1,NEW JERSEY IMPLANT SSL,131 SEAVIEW DRIVE,,SECAUCUS,NJ,7094
PPT USA,1/12/2023,NJ,00MA051,,N,1,7:07,F1,ZAA5EZBV,SH0550837,I,IRP,,EDI,,,PAR52372,F1,393200032599,NEW JERSEY PPT USA SSL,131 SEAVIEW DRIVE,,SECAUCUS,NJ,7094,,b2dc492a-12a,205c7b36-5257-4580-93a9-12ad3aa57cfc,CHOICE INC,6565 Davis Industrial Par,,Solon,OH,44139
PPT USA,1/12/2023,NJ,10DXV,,N,1,11:12,F1,ZAA5F3HD,SH0552319,I,IRP,,EDI,,,PAR52372,F1,393304930990,NEW JERSEY PPT USA SSL,131 SEAVIEW DRIVE,,SECAUCUS,NJ,7094,,6d4434a3-c0e,bae46c6a-a4a0-4f6d-a368-94ca4e1dd802,CHOICE INC,5808 Johnsontown Road,,Louisville,KY,40272
PPT USA,1/12/2023,NJ,10DXV,,N,2,11:19,F1,ZAA5F1FB,SH0551576,I,IRP,,EDI,,,PAR52372,F1,393257997486,NEW JERSEY PPT USA SSL,131 SEAVIEW DRIVE,,SECAUCUS,NJ,7094,,0b01f42d-9b4,3c85cab4-d652-48cb-8a3c-20ca7941dc6e,CHOICE INC,5808 Johnsontown Road,,Louisville,KY,40272
PPT USA,1/12/2023,NJ,15R6711,,N,1,6:52,F1,ZAA5EZBV,SH0550837,I,IRP,,EDI,,,PAR52372,F1,393200032599,NEW JERSEY PPT USA SSL,131 SEAVIEW DRIVE,,SECAUCUS,NJ,7094,,b2dc492a-12a,03d8459d-39be-43d5-8f87-50dbce303265,CHOICE INC,6565 Davis Industrial Par,,Solon,OH,44139
PPT USA,1/12/2023,NJ,1R8CR,,N,1,6:41,F1,ZAA5F0SD,SH0551426,I,IRP,,EDI,,,PAR52372,F1,393243118167,NEW JERSEY PPT USA SSL,131 SEAVIEW DRIVE,,SECAUCUS,NJ,7094,,9e3830d9-c32,d31ae773-11b7-4a48-93d4-7f76fd745639,CHOICE INC,1 Research DrSte 200,,Westborough,MA,1581
PPT USA,1/12/2023,NJ,3285154-A,,N,-1,15:59,F1,ZAA5F60A,1395317532,O,OCPU,,EDI,remnj,,PAR52372,,,The Nasdaq Stock Market LLC,The Nasdaq Stock Market LLC,13500 EDS Drive,Herndon,VA,20171,Any Parkplace T,69d87707-5dc,125966855,NEW JERSEY PPT USA SSL,131 SEAVIEW DRIVE,,SECAUCUS,NJ,7094
PPT USA,1/12/2023,NJ,3289081-A,,N,1,11:25,F1,ZAA5F3E2,SH0552338,I,IRP,,EDI,,,PAR52372,F1,393301664659,NEW JERSEY PPT USA SSL,131 SEAVIEW DRIVE,,SECAUCUS,NJ,7094,,5d59aae7-573,7e07333e-5179-4b6d-adb2-f434a8fc18be,CHOICE INC,1 Research DrSte 200,,Westborough,MA,1581
PPT USA,1/12/2023,NJ,371-0717,,N,1,7:20,F1,ZAA5EXNG,SH0548779,I,IRP,,EDI,,,PAR52372,F1,393122331125,NEW JERSEY PPT USA SSL,131 SEAVIEW DRIVE,,SECAUCUS,NJ,7094,,e7ee6a51-192,dbfb4d3d-a967-4e4d-a7df-60e1987fc2e9,CHOICE INC,5808 Johnsontown Road,,Louisville,KY,40272
PPT USA,1/12/2023,NJ,371-0837,,N,2,6:39,F1,ZAA5F0SD,SH0551426,I,IRP,,EDI,,,PAR52372,F1,393243118167,NEW JERSEY PPT USA SSL,131 SEAVIEW DRIVE,,SECAUCUS,NJ,7094,,9e3830d9-c32,4f938f76-db9c-4a94-8f1c-e5fc7ad9be1d,CHOICE INC,1 Research DrSte 200,,Westborough,MA,1581
PPT USA,1/12/2023,NJ,45W0490,,N,1,7:12,F1,ZAA5EZBV,SH0550837,I,IRP,,EDI,,,PAR52372,F1,393200032599,NEW JERSEY PPT USA SSL,131 SEAVIEW DRIVE,,SECAUCUS,NJ,7094,,b2dc492a-12a,2dd4859d-868b-441e-9d7e-d45542fc891d,CHOICE INC,6565 Davis Industrial Par,,Solon,OH,44139
PPT USA,1/12/2023,NJ,5541896-A,,N,1,11:08,FGD,ZAA5F0SC,IT2301080543,I,IRI,,logparkpl,,,PAR52372,FGD,393244414590,US PACK,131 SEAVIEW DRIVE,,SECAUCUS,NJ,7094,,,IT2301080543,PROVIDENCE PPT USA SSL,555 ATWOOD AVE,,CRANSTON,RI,2920
PPT USA,1/12/2023,NJ,5Y05N,,N,1,6:42,F1,ZAA5F0SD,SH0551426,I,IRP,,EDI,,,PAR52372,F1,393243118167,NEW JERSEY PPT USA SSL,131 SEAVIEW DRIVE,,SECAUCUS,NJ,7094,,9e3830d9-c32,c39bde29-ecc4-42fa-9636-4a9e895ce24b,CHOICE INC,1 Research DrSte 200,,Westborough,MA,1581
PPT USA,1/12/2023,NJ,5Y05N,,N,1,11:01,F1,ZAA5F1BS,SH0551509,I,IRP,,EDI,,,PAR52372,F1,393254258517,NEW JERSEY PPT USA SSL,131 SEAVIEW DRIVE,,SECAUCUS,NJ,7094,,c358cc5f-1d8,c986eebe-c383-4089-ad04-c0bdf7c98474,CHOICE INC,5808 Johnsontown Road,,Louisville,KY,40272
PPT USA,1/12/2023,NJ,633538-001,,N,1,7:08,F1,ZAA5EZBV,SH0550837,I,IRP,,EDI,,,PAR52372,F1,393200032599,NEW JERSEY PPT USA SSL,131 SEAVIEW DRIVE,,SECAUCUS,NJ,7094,,b2dc492a-12a,112c4287-56ab-4b23-80dc-4e800fe7edbd,CHOICE INC,6565 Davis Industrial Par,,Solon,OH,44139
PPT USA,1/12/2023,NJ,657888-001,,N,1,7:10,F1,ZAA5EZBV,SH0550837,I,IRP,,EDI,,,PAR52372,F1,393200032599,NEW JERSEY PPT USA SSL,131 SEAVIEW DRIVE,,SECAUCUS,NJ,7094,,b2dc492a-12a,4fc7a3a7-667c-4448-bf8f-7409e68404eb,CHOICE INC,6565 Davis Industrial Par,,Solon,OH,44139
PPT USA,1/12/2023,NJ,660093-001,,N,4,7:03,F1,ZAA5EZBV,SH0550837,I,IRP,,EDI,,,PAR52372,F1,393200032599,NEW JERSEY PPT USA SSL,131 SEAVIEW DRIVE,,SECAUCUS,NJ,7094,,b2dc492a-12a,5190ca30-e713-4828-8a7e-3052ab27fff5,CHOICE INC,6565 Davis Industrial Par,,Solon,OH,44139
PPT USA,1/12/2023,NJ,660093-001,,N,-2,10:11,,G6761972,861372622,O,WC,,EDI,vendorserv,,PAR52372,,,NEW JERSEY PPT USA SSL,131 SEAVIEW DRIVE,,SECAUCUS,NJ,7094,PPT Tech,c85484ca-822,125331865,NEW JERSEY PPT USA SSL,131 SEAVIEW DRIVE,,SECAUCUS,NJ,7094
PPT USA,1/12/2023,NJ,660093-001,,N,-2,10:11,,G6763066,617969884,O,WC,,EDI,vendorserv,,PAR52372,,,NEW JERSEY PPT USA SSL,131 SEAVIEW DRIVE,,SECAUCUS,NJ,7094,PPT Tech,01fe1388-06b,125858165,NEW JERSEY PPT USA SSL,131 SEAVIEW DRIVE,,SECAUCUS,NJ,7094
PPT USA,1/12/2023,NJ,670026-001,,N,-1,10:14,,G6762351,1775540121,O,WC,,EDI,vendorserv,,PAR52372,,,NEW JERSEY PPT USA SSL,131 SEAVIEW DRIVE,,SECAUCUS,NJ,7094,PPT Tech,7e57f193-6d1,125506508,NEW JERSEY PPT USA SSL,131 SEAVIEW DRIVE,,SECAUCUS,NJ,7094
PPT USA,1/12/2023,NJ,697389-001,,N,1,7:11,F1,ZAA5EZBV,SH0550837,I,IRP,,EDI,,,PAR52372,F1,393200032599,NEW JERSEY PPT USA SSL,131 SEAVIEW DRIVE,,SECAUCUS,NJ,7094,,b2dc492a-12a,8d86e9b3-0e66-42b7-b96a-0197b6f6f7f9,CHOICE INC,6565 Davis Industrial Par,,Solon,OH,44139
PPT USA,1/12/2023,NJ,708046-001,,N,1,7:12,F1,ZAA5EZBV,SH0550837,I,IRP,,EDI,,,PAR52372,F1,393200032599,NEW JERSEY PPT USA SSL,131 SEAVIEW DRIVE,,SECAUCUS,NJ,7094,,b2dc492a-12a,ae518028-294e-481e-908b-e2b3674aa3f5,CHOICE INC,6565 Davis Industrial Par,,Solon,OH,44139
PPT USA,1/12/2023,NJ,70K80,,N,1,11:24,F1,ZAA5F3E2,SH0552338,I,IRP,,EDI,,,PAR52372,F1,393301664659,NEW JERSEY PPT USA SSL,131 SEAVIEW DRIVE,,SECAUCUS,NJ,7094,,5d59aae7-573,53104121-273a-492d-9bbf-2bbbf14a8634,CHOICE INC,1 Research DrSte 200,,Westborough,MA,1581
PPT USA,1/12/2023,NJ,732136-001,,N,1,7:04,F1,ZAA5EZBV,SH0550837,I,IRP,,EDI,,,PAR52372,F1,393200032599,NEW JERSEY PPT USA SSL,131 SEAVIEW DRIVE,,SECAUCUS,NJ,7094,,b2dc492a-12a,9c7f4e6f-17c5-4ac1-9e7d-9514cf9e17ee,CHOICE INC,6565 Davis Industrial Par,,Solon,OH,44139
PPT USA,1/12/2023,NJ,732136-001,,N,1,7:05,F1,ZAA5EZBV,SH0550837,I,IRP,,EDI,,,PAR52372,F1,393200032599,NEW JERSEY PPT USA SSL,131 SEAVIEW DRIVE,,SECAUCUS,NJ,7094,,b2dc492a-12a,9c7f4e6f-17c5-4ac1-9e7d-9514cf9e17ee,CHOICE INC,6565 Davis Industrial Par,,Solon,OH,44139
PPT USA,1/12/2023,NJ,732136-001,,N,-2,9:17,,G6763227,257324167,O,PICK,,EDI,vendorserv,,PAR52372,,,Tudor Investment Corporation,275 Hartz Way,,Secaucus,NJ,7094,Tudor Investmen,7ae6303f-9d8,125932808,NEW JERSEY PPT USA SSL,131 SEAVIEW DRIVE,,SECAUCUS,NJ,7094
PPT USA,1/12/2023,NJ,735507-001,,N,1,7:05,F1,ZAA5EZBV,SH0550837,I,IRP,,EDI,,,PAR52372,F1,393200032599,NEW JERSEY PPT USA SSL,131 SEAVIEW DRIVE,,SECAUCUS,NJ,7094,,b2dc492a-12a,6a700b9b-6b29-4c04-ad5b-ef6d61345fc8,CHOICE INC,6565 Davis Industrial Par,,Solon,OH,44139
PPT USA,1/12/2023,NJ,749796-001,,N,1,7:07,F1,ZAA5EZBV,SH0550837,I,IRP,,EDI,,,PAR52372,F1,393200032599,NEW JERSEY PPT USA SSL,131 SEAVIEW DRIVE,,SECAUCUS,NJ,7094,,b2dc492a-12a,06813e4f-cc23-4520-b95d-1192e1d9eccb,CHOICE INC,6565 Davis Industrial Par,,Solon,OH,44139
PPT USA,1/12/2023,NJ,749796-001,,N,1,7:09,F1,ZAA5EZBV,SH0550837,I,IRP,,EDI,,,PAR52372,F1,393200032599,NEW JERSEY PPT USA SSL,131 SEAVIEW DRIVE,,SECAUCUS,NJ,7094,,b2dc492a-12a,06813e4f-cc23-4520-b95d-1192e1d9eccb,CHOICE INC,6565 Davis Industrial Par,,Solon,OH,44139
PPT USA,1/12/2023,NJ,749800-001,,N,1,7:10,F1,ZAA5EZBV,SH0550837,I,IRP,,EDI,,,PAR52372,F1,393200032599,NEW JERSEY PPT USA SSL,131 SEAVIEW DRIVE,,SECAUCUS,NJ,7094,,b2dc492a-12a,939ede8f-0815-4010-9d3d-cdb26b7ffc7e,CHOICE INC,6565 Davis Industrial Par,,Solon,OH,44139
PPT USA,1/12/2023,NJ,762457-001,,N,1,6:56,F1,ZAA5EZBV,SH0550837,I,IRP,,EDI,,,PAR52372,F1,393200032599,NEW JERSEY PPT USA SSL,131 SEAVIEW DRIVE,,SECAUCUS,NJ,7094,,b2dc492a-12a,a03507c1-df2b-4230-a3e3-1afdf933992e,CHOICE INC,6565 Davis Industrial Par,,Solon,OH,44139
PPT USA,1/12/2023,NJ,785497-001,,N,1,7:06,F1,ZAA5EZBV,SH0550837,I,IRP,,EDI,,,PAR52372,F1,393200032599,NEW JERSEY PPT USA SSL,131 SEAVIEW DRIVE,,SECAUCUS,NJ,7094,,b2dc492a-12a,cc132fce-6607-4493-852d-28511bca9fe0,CHOICE INC,6565 Davis Industrial Par,,Solon,OH,44139
PPT USA,1/12/2023,NJ,790317-001,,N,2,7:09,F1,ZAA5EZBV,SH0550837,I,IRP,,EDI,,,PAR52372,F1,393200032599,NEW JERSEY PPT USA SSL,131 SEAVIEW DRIVE,,SECAUCUS,NJ,7094,,b2dc492a-12a,e8640a0d-0af4-4625-8580-ec7b9b5252bb,CHOICE INC,6565 Davis Industrial Par,,Solon,OH,44139
PPT USA,1/12/2023,NJ,846740-001,,N,1,6:57,F1,ZAA5EZBV,SH0550837,I,IRP,,EDI,,,PAR52372,F1,393200032599,NEW JERSEY PPT USA SSL,131 SEAVIEW DRIVE,,SECAUCUS,NJ,7094,,b2dc492a-12a,0e7a84cd-6509-46c7-ae8f-329c12a1519d,CHOICE INC,6565 Davis Industrial Par,,Solon,OH,44139
PPT USA,1/12/2023,NJ,870891-001,,N,1,6:57,F1,ZAA5EZBV,SH0550837,I,IRP,,EDI,,,PAR52372,F1,393200032599,NEW JERSEY PPT USA SSL,131 SEAVIEW DRIVE,,SECAUCUS,NJ,7094,,b2dc492a-12a,e23a3d31-394f-485c-89e0-d8ff6014e602,CHOICE INC,6565 Davis Industrial Par,,Solon,OH,44139
PPT USA,1/12/2023,NJ,875058-001,,N,1,7:06,F1,ZAA5EZBV,SH0550837,I,IRP,,EDI,,,PAR52372,F1,393200032599,NEW JERSEY PPT USA SSL,131 SEAVIEW DRIVE,,SECAUCUS,NJ,7094,,b2dc492a-12a,131dac47-14d5-4ab9-952c-89f34c8aec8c,CHOICE INC,6565 Davis Industrial Par,,Solon,OH,44139
PPT USA,1/12/2023,NJ,875539-001,,N,1,7:05,F1,ZAA5EZBV,SH0550837,I,IRP,,EDI,,,PAR52372,F1,393200032599,NEW JERSEY PPT USA SSL,131 SEAVIEW DRIVE,,SECAUCUS,NJ,7094,,b2dc492a-12a,1c5e5546-dba0-4c09-a5f6-a5f61fa5d099,CHOICE INC,6565 Davis Industrial Par,,Solon,OH,44139
PPT USA,1/12/2023,NJ,875726-001,,N,1,7:00,F1,ZAA5EZBV,SH0550837,I,IRP,,EDI,,,PAR52372,F1,393200032599,NEW JERSEY PPT USA SSL,131 SEAVIEW DRIVE,,SECAUCUS,NJ,7094,,b2dc492a-12a,82c95dec-695d-436d-ab34-d1142f9e9d93,CHOICE INC,6565 Davis Industrial Par,,Solon,OH,44139
PPT USA,1/12/2023,NJ,878640-001,,N,1,7:03,F1,ZAA5EZBV,SH0550837,I,IRP,,EDI,,,PAR52372,F1,393200032599,NEW JERSEY PPT USA SSL,131 SEAVIEW DRIVE,,SECAUCUS,NJ,7094,,b2dc492a-12a,814776d8-a9aa-4f67-8251-2c9690a43eed,CHOICE INC,6565 Davis Industrial Par,,Solon,OH,44139
PPT USA,1/12/2023,NJ,878640-001,,N,1,7:22,F1,ZAA5EXNG,SH0548779,I,IRP,,EDI,,,PAR52372,F1,393122331125,NEW JERSEY PPT USA SSL,131 SEAVIEW DRIVE,,SECAUCUS,NJ,7094,,e7ee6a51-192,7a09b6bb-c58f-4cfe-9c40-683a415f2427,CHOICE INC,5808 Johnsontown Road,,Louisville,KY,40272
PPT USA,1/12/2023,NJ,878643-001,,N,5,7:01,F1,ZAA5EZBV,SH0550837,I,IRP,,EDI,,,PAR52372,F1,393200032599,NEW JERSEY PPT USA SSL,131 SEAVIEW DRIVE,,SECAUCUS,NJ,7094,,b2dc492a-12a,9c9492c0-f188-4f95-9423-6cf551a30f7d,CHOICE INC,6565 Davis Industrial Par,,Solon,OH,44139
PPT USA,1/12/2023,NJ,CPC7G,,N,1,6:41,F1,ZAA5F0SD,SH0551426,I,IRP,,EDI,,,PAR52372,F1,393243118167,NEW JERSEY PPT USA SSL,131 SEAVIEW DRIVE,,SECAUCUS,NJ,7094,,9e3830d9-c32,5f5f72af-073b-4da7-af2f-60bbb82ad68e,CHOICE INC,1 Research DrSte 200,,Westborough,MA,1581
PPT USA,1/12/2023,NJ,E2T7.2KSAS12G3.5PS66,,N,1,7:20,F1,ZAA5EXNG,SH0548779,I,IRP,,EDI,,,PAR52372,F1,393122331125,NEW JERSEY PPT USA SSL,131 SEAVIEW DRIVE,,SECAUCUS,NJ,7094,,e7ee6a51-192,bf5acf45-3e5a-403b-8b22-cffa63255679,CHOICE INC,5808 Johnsontown Road,,Louisville,KY,40272
PPT USA,1/12/2023,NJ,N20-FAN5,,N,1,11:17,F1,ZAA5F1FB,SH0551576,I,IRP,,EDI,,,PAR52372,F1,393257997486,NEW JERSEY PPT USA SSL,131 SEAVIEW DRIVE,,SECAUCUS,NJ,7094,,0b01f42d-9b4,5c37e645-259a-445b-94fa-d8a0ab3d67b5,CHOICE INC,5808 Johnsontown Road,,Louisville,KY,40272
PPT USA,1/12/2023,NJ,PWR-C49-300AC,,N,1,11:18,F1,ZAA5F1FB,SH0551576,I,IRP,,EDI,,,PAR52372,F1,393257997486,NEW JERSEY PPT USA SSL,131 SEAVIEW DRIVE,,SECAUCUS,NJ,7094,,0b01f42d-9b4,d51e2843-7ba7-4900-b172-682935699b86,CHOICE INC,5808 Johnsontown Road,,Louisville,KY,40272
PPT USA,1/12/2023,NJ,SFN6322F,,N,1,11:05,F1,ZAA5F0ZK,SH0551416,I,IRP,,EDI,,,PAR52372,F1,393247714417,NEW JERSEY PPT USA SSL,131 SEAVIEW DRIVE,,SECAUCUS,NJ,7094,,d11af1d0-c7b,6338d707-8357-446b-9917-76029d9d57f0,CHOICE INC,5808 Johnsontown Road,,Louisville,KY,40272
PPT USA,1/12/2023,NJ,SOLR-SFN5122F,,N,1,11:05,F1,ZAA5F0ZK,SH0551416,I,IRP,,EDI,,,PAR52372,F1,393247714417,NEW JERSEY PPT USA SSL,131 SEAVIEW DRIVE,,SECAUCUS,NJ,7094,,d11af1d0-c7b,9c216920-f060-4425-886f-60dd2220ad27,CHOICE INC,5808 Johnsontown Road,,Louisville,KY,40272
PPT USA,1/12/2023,NJ,UCS-ML-1X644RV-A,,N,1,7:17,F1,ZAA5EXNG,SH0548779,I,IRP,,EDI,,,PAR52372,F1,393122331125,NEW JERSEY PPT USA SSL,131 SEAVIEW DRIVE,,SECAUCUS,NJ,7094,,e7ee6a51-192,1bd671a4-0e88-4ab8-95bc-105b4f5872e1,CHOICE INC,5808 Johnsontown Road,,Louisville,KY,40272
PPT USA,1/12/2023,NJ,UCSC-BBU-11-C260,,N,2,7:19,F1,ZAA5EXNG,SH0548779,I,IRP,,EDI,,,PAR52372,F1,393122331125,NEW JERSEY PPT USA SSL,131 SEAVIEW DRIVE,,SECAUCUS,NJ,7094,,e7ee6a51-192,5a195024-2c61-4b73-adec-a7985fe14a4d,CHOICE INC,5808 Johnsontown Road,,Louisville,KY,40272
PPT USA,1/12/2023,NJ,UCSC-C3X60-10TB,,N,1,7:20,F1,ZAA5EXNG,SH0548779,I,IRP,,EDI,,,PAR52372,F1,393122331125,NEW JERSEY PPT USA SSL,131 SEAVIEW DRIVE,,SECAUCUS,NJ,7094,,e7ee6a51-192,1bd99b8a-077c-4ad4-9c26-db181eeb8f28,CHOICE INC,5808 Johnsontown Road,,Louisville,KY,40272
PPT USA,1/12/2023,NJ,UCSC-PSU-650W,,N,1,7:20,F1,ZAA5EXNG,SH0548779,I,IRP,,EDI,,,PAR52372,F1,393122331125,NEW JERSEY PPT USA SSL,131 SEAVIEW DRIVE,,SECAUCUS,NJ,7094,,e7ee6a51-192,0625438a-ffaf-4424-b52f-a2bec006ddcd,CHOICE INC,5808 Johnsontown Road,,Louisville,KY,40272
PPT USA,1/12/2023,NJ,V3-VS15-600,,N,1,11:25,F1,ZAA5F3E2,SH0552338,I,IRP,,EDI,,,PAR52372,F1,393301664659,NEW JERSEY PPT USA SSL,131 SEAVIEW DRIVE,,SECAUCUS,NJ,7094,,5d59aae7-573,b94e0a23-4e63-445e-ad72-42e7898d8bd9,CHOICE INC,1 Research DrSte 200,,Westborough,MA,1581
PPT USA,1/12/2023,NJ,V4-VS15-600,,N,-1,9:41,,G6763246,1758689523,O,PICK,,EDI,vendorserv,,PAR52372,,,Affinity Solutions Inc,9 Wing Dr,,Cedar Knolls,NJ,07927-1006,Affinity Soluti,a02386a4-3e8,125936029,NEW JERSEY PPT USA SSL,131 SEAVIEW DRIVE,,SECAUCUS,NJ,7094
PPT USA,1/12/2023,NJ,V6-2S10-600,,N,1,6:42,F1,ZAA5F0SD,SH0551426,I,IRP,,EDI,,,PAR52372,F1,393243118167,NEW JERSEY PPT USA SSL,131 SEAVIEW DRIVE,,SECAUCUS,NJ,7094,,9e3830d9-c32,a6a8b2fd-2a99-44db-a9f2-f5d504ca5f3c,CHOICE INC,1 Research DrSte 200,,Westborough,MA,1581
PPT USA,1/12/2023,NJ,VS-C6509E-S720-10G,,N,1,11:19,F1,ZAA5F1FB,SH0551576,I,IRP,,EDI,,,PAR52372,F1,393257997486,NEW JERSEY PPT USA SSL,131 SEAVIEW DRIVE,,SECAUCUS,NJ,7094,,0b01f42d-9b4,299bb565-cf43-42a4-bce9-f680e9844146,CHOICE INC,5808 Johnsontown Road,,Louisville,KY,40272
PPT USA,1/12/2023,NJ,WS-SUP720,,N,2,7:22,F1,ZAA5EXNG,SH0548779,I,IRP,,EDI,,,PAR52372,F1,393122331125,NEW JERSEY PPT USA SSL,131 SEAVIEW DRIVE,,SECAUCUS,NJ,7094,,e7ee6a51-192,fc306bec-f354-4839-b51a-f7c73334d1d1,CHOICE INC,5808 Johnsontown Road,,Louisville,KY,40272
PPT USA,1/12/2023,NJ,X3567-R6,,N,1,6:50,F1,ZAA5F0SD,SH0551426,I,IRP,,EDI,,,PAR52372,F1,393243118167,NEW JERSEY PPT USA SSL,131 SEAVIEW DRIVE,,SECAUCUS,NJ,7094,,9e3830d9-c32,4a671527-ba72-437d-b241-07cda664cdbd,CHOICE INC,1 Research DrSte 200,,Westborough,MA,1581
PPT USA,1/12/2023,NJ,X412A-R5,,N,1,11:24,F1,ZAA5F3E2,SH0552338,I,IRP,,EDI,,,PAR52372,F1,393301664659,NEW JERSEY PPT USA SSL,131 SEAVIEW DRIVE,,SECAUCUS,NJ,7094,,5d59aae7-573,f7608fdf-1c9c-4716-ad59-34a9200594b7,CHOICE INC,1 Research DrSte 200,,Westborough,MA,1581
PPT USA,1/12/2023,NJ,X422A-R5,,N,8,6:39,F1,ZAA5F0SD,SH0551426,I,IRP,,EDI,,,PAR52372,F1,393243118167,NEW JERSEY PPT USA SSL,131 SEAVIEW DRIVE,,SECAUCUS,NJ,7094,,9e3830d9-c32,35ebef36-468a-489a-917d-0219c9d7d7e1,CHOICE INC,1 Research DrSte 200,,Westborough,MA,1581
PPT USA,1/12/2023,NJ,X763-R6,,N,1,6:39,F1,ZAA5F0SD,SH0551426,I,IRP,,EDI,,,PAR52372,F1,393243118167,NEW JERSEY PPT USA SSL,131 SEAVIEW DRIVE,,SECAUCUS,NJ,7094,,9e3830d9-c32,8f9dc12e-9841-4ca7-8802-c1d5005f17d6,CHOICE INC,1 Research DrSte 200,,Westborough,MA,1581
RADIANT,1/12/2023,NJ,1635-0000-9090,20-55138779,N,1,10:21,F1,ZAA5F4JS,59933668,I,IRP,,ppibkg,ppibkg,,RAD52235,F1,621791199783,NEW JERSEY NCR SSL,131 SEAVIEW DRIVE,,SECAUCUS,NJ,7094,,,,PRE-ALERT,,,,,
RADIANT,1/12/2023,NJ,1635-0000-9090,20-55148639,N,1,10:23,F1,ZAA5F4JR,59933669,I,IRP,,ppibkg,ppibkg,,RAD52235,F1,621791199740,NEW JERSEY NCR SSL,131 SEAVIEW DRIVE,,SECAUCUS,NJ,7094,,,,PRE-ALERT,,,,,
RADIANT,1/12/2023,NJ,1635-0000-9090,20-58855819,N,-1,11:11,,G6763273,59935013,O,PICK,,logradi,vendorserv,,RAD52235,,,CHICK-FIL-A 03528,1000 AVE OF THE AMERICAS,,NEW YORK,NY,10018,MOD,2892621,59935013,NEW JERSEY NCR SSL,131 SEAVIEW DRIVE,,SECAUCUS,NJ,7094
RADIANT,1/12/2023,NJ,1635-6008-9090,20-55109426,N,1,10:26,F1,ZAA5F4JY,59933680,I,IRP,,ppibkg,ppibkg,,RAD52235,F1,621791199761,NEW JERSEY NCR SSL,131 SEAVIEW DRIVE,,SECAUCUS,NJ,7094,,,,PRE-ALERT,,,,,
RADIANT,1/12/2023,NJ,1651-0100-8801,49085217,N,1,10:28,F1,ZAA5F4K4,59933687,I,IRP,,ppibkg,ppibkg,,RAD52235,F1,611815569781,NEW JERSEY NCR SSL,131 SEAVIEW DRIVE,,SECAUCUS,NJ,7094,,,,PRE-ALERT,,,,,
RADIANT,1/12/2023,NJ,1666-6209-8801,36-004082,N,-1,6:24,,G6763107,59934313,O,PICK,,logradi,vendorserv,,RAD52235,,,CHILIS EDISON EDISN 221,1655 OAK TREE RD,,EDISON,NJ,8820,MOD,2892141,59934313,NEW JERSEY NCR SSL,131 SEAVIEW DRIVE,,SECAUCUS,NJ,7094
RADIANT,1/12/2023,NJ,7128-0016-8801,X7RP011409,N,1,10:27,F1,ZAA5F4KF,59933700,I,IRP,,ppibkg,ppibkg,,RAD52235,F1,621791199305,NEW JERSEY NCR SSL,131 SEAVIEW DRIVE,,SECAUCUS,NJ,7094,,,,PRE-ALERT,,,,,
BERKGREY,1/13/2023,NJ,114242,,N,-1,13:30,FGD,ZAA5F7PR,TRFO-000379,O,OCPU,,logbrkgrey,remnj,,BER52431,,,Berkshire Grey,140 South road,,Bedford,MA,1730,Berkshire Grey,SC-1882,,NEW JERSEY BERKSHIRE GREY SSL,131 SEAVIEW DRIVE,,SECAUCUS,NJ,7094
HITACHI,1/13/2023,NJ,5559119-P,C1520557,N,1,10:30,,G6763353,549107,I,IRI,717ACKWFK4KNBT,tyaltschul,vendorserv,,HIT51280,,,TJUH,1500 SPRING GARDEN STREET,,Philadelphia,PA,7102,Chris Hitachi B,3863574,A2F2S000003DYQNUAE,SECAUCUS HITACHI SSL,131 SEAVIEW DRIVE,,SECAUCUS,NJ,7094
INFINERA,1/13/2023,NJ,IRM-B-ECXH1,MA2219305048,N,-1,12:11,,G6763586,1986343,O,PICK,,EDI,vendorserv,,INF52294,,,Telia Carrier U.S. Inc,1400 3rd Avenue,,Alpha,NJ,8865,Douglas Bojeck,RMA,1,SECAUCUS INFINERA SPARES SSL,131 SEAVIEW DRIVE,,SECAUCUS,NJ,7094
INFINERA,1/13/2023,NJ,NPA,,N,-1,15:23,,G6763646,1986343,O,PICK,,sakingba,vendorserv,,INF52294,,,TECHS HOME,545 MARTINSVILLE RD,,BASKING RIDGE,NJ,7920,,RMA,1986343,Telia Carrier U.S. Inc,1400 3rd AVE,,ALPHA,NJ,8865
INFINERA,1/13/2023,NJ,NPA,,Y,1,8:29,,G6756548,1940640,I,IRB,,,,,INF52294,,,SECAUCUS INFINERA SPARES SSL,131 SEAVIEW DRIVE,,SECAUCUS,MD,20705,BRADY WEST,,,NYSERNET C/O DIGITAL REALTY,"32 SIXTH AVE, 24TH FLOOR",,NEW YORK,VA,20147
INFINDAT,1/13/2023,NJ,SSD-10045-CS,C38531,N,1,15:23,,,,,,21363158F475,,,,ISR52307,,,,,,,,,,,,,,,,,
INFINDAT,1/13/2023,NJ,SSD-10045-CS,C38531,Y,-1,15:21,,,,,,21363158F475,,,,ISR52307,,,,,,,,,,,,,,,,,
PPT USA,1/13/2023,NJ,656244-001,,N,-1,15:26,FE,ZAA5F7Y3,557242972,O,OCPU,,ccorzas,,,PAR52372,,,ITsavvy LLC,3990 E Broad St Bldg 23 Bldg 23,,COLUMBUS,OH,43213,Diana Christenb,08DABCD28B21,557242972,NEW JERSEY PPT USA SSL,131 SEAVIEW DRIVE,,SECAUCUS,NJ,7094
PPT USA,1/13/2023,NJ,74Y9340,,N,-2,9:20,,G6763330,SV1053727,O,PICK,,logparkpl,vendorserv,,PAR52372,,,Barnes & Noble Inc,5 Barnes & Noble Way,,MONROE TOWNSHIIP,NJ,8831,Nolan Apun,,SV1053727,NEW JERSEY PPT USA SSL,131 SEAVIEW DRIVE,,SECAUCUS,NJ,7094
PPT USA,1/13/2023,NJ,850881-001,,N,-1,13:53,,G6763622,723185767,O,PICK,,EDI,vendorserv,,PAR52372,,,Automatic Data Processing Inc,Automatic Data Processing Inc,1 Adp Blvd,Roseland,NJ,7068,Dave Jarvis,fbdb0d68-2a2,126068229,NEW JERSEY PPT USA SSL,131 SEAVIEW DRIVE,,SECAUCUS,NJ,7094
PPT USA,1/13/2023,NJ,878640-001,,N,-1,11:56,,G6763579,SV1057512,O,PICK,,logparkpl,vendorserv,,PAR52372,,,Millennium Partners c/o Oscar Nieves,55 Challenger Rd,,RIDGEFIELD PARK,NJ,7660,Oscar Nieves,,SV1057512,NEW JERSEY PPT USA SSL,131 SEAVIEW DRIVE,,SECAUCUS,NJ,7094
PPT USA,1/13/2023,NJ,878643-001,,N,-2,11:26,,G6763566,225574370,O,PICK,,EDI,vendorserv,,PAR52372,,,CDW Logistics Inc,55 Challenger Rd,,Ridgefield Park,NJ,7660,Sergio Inoa,22c1fc87-b64,126098700,NEW JERSEY PPT USA SSL,131 SEAVIEW DRIVE,,SECAUCUS,NJ,7094
PPT USA,1/13/2023,NJ,D250GB7.2KSATA3.5RXX,,N,-1,9:23,,G6763434,SV1057532,O,PICK,,logparkpl,eordaz,,PAR52372,,,Pei Cobb Freed & Partners LLP,88 Pine St Fl 2 Fl 2,,NEW YORK,NY,10005,George Podolak,,SV1057532,NEW JERSEY PPT USA SSL,131 SEAVIEW DRIVE,,SECAUCUS,NJ,7094
PPT USA,1/13/2023,NJ,D6TB-7.2K-SAS-6G-RX,,N,-1,9:50,,G6763518,925576566,O,PICK,,EDI,vendorserv,,PAR52372,,,TSRC Inc,US Environmental Protection Agency - Region 2,290 Broadway,New York,NY,10007-1823,Joseph Barnes,315b1ad7-783,126056899,NEW JERSEY PPT USA SSL,131 SEAVIEW DRIVE,,SECAUCUS,NJ,7094
PPT USA,1/13/2023,NJ,V4-2S10-600,,N,-1,17:11,,G6763659,SV1058952,O,PICK,,logparkpl,vendorserv,,PAR52372,,,RWJ Barnabas Health,150 New Providence Rd,,MOUNTAINSIDE,NJ,7092,Wes Apgar,,SV1058952,NEW JERSEY PPT USA SSL,131 SEAVIEW DRIVE,,SECAUCUS,NJ,7094
RADIANT,1/13/2023,NJ,7128-0016-8801,VZGF030729,N,1,10:22,F1,ZAA5F7DX,59935266,I,IRP,,ppibkg,ppibkg,,RAD52235,F1,621791210211,NEW JERSEY NCR SSL,131 SEAVIEW DRIVE,,SECAUCUS,NJ,7094,,,,PRE-ALERT,,,,,
RADIANT,1/13/2023,NJ,7745-3100-0026,11-53118884,N,1,10:21,F1,ZAA5F7DY,59935269,I,IRP,,ppibkg,ppibkg,,RAD52235,F1,611815573085,NEW JERSEY NCR SSL,131 SEAVIEW DRIVE,,SECAUCUS,NJ,7094,,,,PRE-ALERT,,,,,
